<metadata xml:lang="en"><Esri><CreaDate>20240830</CreaDate><CreaTime>14561500</CreaTime><ArcGISFormat>1.0</ArcGISFormat><SyncOnce>FALSE</SyncOnce><DataProperties><lineage><Process ToolSource="c:\program files\arcgis\pro\Resources\ArcToolbox\toolboxes\Conversion Tools.tbx\FeatureClassToFeatureClass" Date="20191224" Time="110324">FeatureClassToFeatureClass Listed_Buildings_Nov2019 C:\Users\2342470\Documents\ArcGIS\Projects\Updates\Updates.gdb Listed_Buildings_Nov2019 # "HB_ref "HB_ref" true true false 50 Text 0 0,First,#,Listed_Buildings_Nov2019,Listed_Buildings.HB_ref,0,50;CurrentGra "CurrentGra" true true false 254 Text 0 0,First,#,Listed_Buildings_Nov2019,Listed_Buildings.CurrentGra,0,254;Address "Address" true true false 254 Text 0 0,First,#,Listed_Buildings_Nov2019,Listed_Buildings.Address,0,254;Extent "Extent" true true false 254 Text 0 0,First,#,Listed_Buildings_Nov2019,Listed_Buildings.Extent,0,254;Date_Const "Date_Const" true true false 254 Text 0 0,First,#,Listed_Buildings_Nov2019,Listed_Buildings.Date_Const,0,254;CurrentUse "CurrentUse" true true false 254 Text 0 0,First,#,Listed_Buildings_Nov2019,Listed_Buildings.CurrentUse,0,254;FormerUse "FormerUse" true true false 254 Text 0 0,First,#,Listed_Buildings_Nov2019,Listed_Buildings.FormerUse,0,254;Vernacular "Vernacular" true true false 255 Text 0 0,First,#,Listed_Buildings_Nov2019,MainDetails$.Vernacular,0,255;Thatched "Thatched" true true false 255 Text 0 0,First,#,Listed_Buildings_Nov2019,MainDetails$.Thatched,0,255;Derelict "Derelict" true true false 255 Text 0 0,First,#,Listed_Buildings_Nov2019,MainDetails$.Derelict,0,255;Townland "Townland" true true false 254 Text 0 0,First,#,Listed_Buildings_Nov2019,Listed_Buildings.Townland,0,254;Council "Council" true true false 255 Text 0 0,First,#,Listed_Buildings_Nov2019,MainDetails$.Council,0,255;TxtIGRef "TxtIGRef" true true false 254 Text 0 0,First,#,Listed_Buildings_Nov2019,Listed_Buildings.TxtIGRef,0,254;ChkSS "ChkSS" true true false 255 Text 0 0,First,#,Listed_Buildings_Nov2019,MainDetails$.ChkSS,0,255;HB_ref_1 "HB_ref" true true false 255 Text 0 0,First,#,Listed_Buildings_Nov2019,MainDetails$.HB_ref,0,255;MainID "MainID" true true false 8 Double 0 0,First,#,Listed_Buildings_Nov2019,MainDetails$.MainID,-1,-1;ObjectID "ObjectID" false true false 4 Long 0 9,First,#,Listed_Buildings_Nov2019,MainDetails$.ObjectID,-1,-1" #</Process><Process ToolSource="c:\program files\arcgis\pro\Resources\ArcToolbox\toolboxes\Data Management Tools.tbx\UpdateSchema" Date="20191230" Time="123311">UpdateSchema "CIMDATA=&lt;CIMStandardDataConnection xsi:type='typens:CIMStandardDataConnection' xmlns:xsi='http://www.w3.org/2001/XMLSchema-instance' xmlns:xs='http://www.w3.org/2001/XMLSchema' xmlns:typens='http://www.esri.com/schemas/ArcGIS/2.4.0'&gt;&lt;WorkspaceConnectionString&gt;DATABASE=C:\Users\2342470\Documents\ArcGIS\Projects\Updates\Updates.gdb&lt;/WorkspaceConnectionString&gt;&lt;WorkspaceFactory&gt;FileGDB&lt;/WorkspaceFactory&gt;&lt;Dataset&gt;Listed_Buildings_Nov2019&lt;/Dataset&gt;&lt;DatasetType&gt;esriDTFeatureClass&lt;/DatasetType&gt;&lt;/CIMStandardDataConnection&gt;" &lt;operationSequence&gt;&lt;workflow&gt;&lt;AddField&gt;&lt;field_name&gt;Duplicates&lt;/field_name&gt;&lt;field_type&gt;LONG&lt;/field_type&gt;&lt;field_alias&gt;Duplicates&lt;/field_alias&gt;&lt;field_is_nullable&gt;True&lt;/field_is_nullable&gt;&lt;field_is_required&gt;False&lt;/field_is_required&gt;&lt;/AddField&gt;&lt;/workflow&gt;&lt;/operationSequence&gt;</Process><Process ToolSource="c:\program files\arcgis\pro\Resources\ArcToolbox\Toolboxes\Data Management Tools.tbx\DeleteField" Date="20191231" Time="103049">DeleteField Listed_Buildings_Nov2019 Duplicates</Process><Process ToolSource="c:\program files\arcgis\pro\Resources\ArcToolbox\Toolboxes\Data Management Tools.tbx\UpdateSchema" Date="20191231" Time="103323">UpdateSchema "CIMDATA=&lt;CIMStandardDataConnection xsi:type='typens:CIMStandardDataConnection' xmlns:xsi='http://www.w3.org/2001/XMLSchema-instance' xmlns:xs='http://www.w3.org/2001/XMLSchema' xmlns:typens='http://www.esri.com/schemas/ArcGIS/2.4.0'&gt;&lt;WorkspaceConnectionString&gt;DATABASE=C:\Users\2342470\Documents\ArcGIS\Projects\Updates\Updates.gdb&lt;/WorkspaceConnectionString&gt;&lt;WorkspaceFactory&gt;FileGDB&lt;/WorkspaceFactory&gt;&lt;Dataset&gt;Listed_Buildings_Nov2019&lt;/Dataset&gt;&lt;DatasetType&gt;esriDTFeatureClass&lt;/DatasetType&gt;&lt;/CIMStandardDataConnection&gt;" "&lt;operationSequence&gt;&lt;workflow&gt;&lt;AddField&gt;&lt;field_name&gt;BU_ID&lt;/field_name&gt;&lt;field_type&gt;TEXT&lt;/field_type&gt;&lt;field_length&gt;100&lt;/field_length&gt;&lt;field_alias&gt;Building ID&lt;/field_alias&gt;&lt;field_is_nullable&gt;True&lt;/field_is_nullable&gt;&lt;field_is_required&gt;False&lt;/field_is_required&gt;&lt;/AddField&gt;&lt;/workflow&gt;&lt;/operationSequence&gt;"</Process><Process ToolSource="c:\program files\arcgis\pro\Resources\ArcToolbox\toolboxes\Data Management Tools.tbx\UpdateSchema" Date="20200127" Time="161734">UpdateSchema "CIMDATA=&lt;CIMStandardDataConnection xsi:type='typens:CIMStandardDataConnection' xmlns:xsi='http://www.w3.org/2001/XMLSchema-instance' xmlns:xs='http://www.w3.org/2001/XMLSchema' xmlns:typens='http://www.esri.com/schemas/ArcGIS/2.4.0'&gt;&lt;WorkspaceConnectionString&gt;DATABASE=C:\Users\2342470\Documents\ArcGIS\Projects\Updates\Updates.gdb&lt;/WorkspaceConnectionString&gt;&lt;WorkspaceFactory&gt;FileGDB&lt;/WorkspaceFactory&gt;&lt;Dataset&gt;Listed_Buildings_Nov2019&lt;/Dataset&gt;&lt;DatasetType&gt;esriDTFeatureClass&lt;/DatasetType&gt;&lt;/CIMStandardDataConnection&gt;" &lt;operationSequence&gt;&lt;workflow&gt;&lt;DeleteField&gt;&lt;field_name&gt;HB_ref_1&lt;/field_name&gt;&lt;/DeleteField&gt;&lt;/workflow&gt;&lt;/operationSequence&gt;</Process><Process ToolSource="c:\program files\arcgis\pro\Resources\ArcToolbox\toolboxes\Conversion Tools.tbx\FeatureClassToFeatureClass" Date="20200131" Time="151605">FeatureClassToFeatureClass Listed_Buildings_Nov2019 C:\Users\2342470\AppData\Roaming\ESRI\ArcGISPro\Favorites\BuildingDesignation_Work.sde Listed_Building_Centroid # "HB_ref "HB Reference" true true false 50 Text 0 0,First,#,Listed_Buildings_Nov2019,HB_ref,0,50;CurrentGra "Current Grade" true true false 254 Text 0 0,First,#,Listed_Buildings_Nov2019,CurrentGra,0,254;Address "Address" true true false 254 Text 0 0,First,#,Listed_Buildings_Nov2019,Address,0,254;Extent "Extent" true true false 254 Text 0 0,First,#,Listed_Buildings_Nov2019,Extent,0,254;Date_Const "Date Constructed" true true false 254 Text 0 0,First,#,Listed_Buildings_Nov2019,Date_Const,0,254;CurrentUse "Current Use" true true false 254 Text 0 0,First,#,Listed_Buildings_Nov2019,CurrentUse,0,254;FormerUse "Former Use" true true false 254 Text 0 0,First,#,Listed_Buildings_Nov2019,FormerUse,0,254;Vernacular "Vernacular" true true false 255 Text 0 0,First,#,Listed_Buildings_Nov2019,Vernacular,0,255;Thatched "Thatched" true true false 255 Text 0 0,First,#,Listed_Buildings_Nov2019,Thatched,0,255;Derelict "Derelict" true true false 255 Text 0 0,First,#,Listed_Buildings_Nov2019,Derelict,0,255;Townland "Townland" true true false 254 Text 0 0,First,#,Listed_Buildings_Nov2019,Townland,0,254;Council "Council" true true false 255 Text 0 0,First,#,Listed_Buildings_Nov2019,Council,0,255;TxtIGRef "Irish Grid Ref" true true false 254 Text 0 0,First,#,Listed_Buildings_Nov2019,TxtIGRef,0,254;ChkSS "Second Surveyed?" true true false 255 Text 0 0,First,#,Listed_Buildings_Nov2019,ChkSS,0,255;MainID "Main ID" true true false 8 Double 0 0,First,#,Listed_Buildings_Nov2019,MainID,-1,-1;ObjectID "ObjectID" true true false 4 Long 0 0,First,#,Listed_Buildings_Nov2019,ObjectID,-1,-1;BU_ID "Building ID" true true false 100 Text 0 0,First,#,Listed_Buildings_Nov2019,BU_ID,0,100" #</Process><Process ToolSource="c:\program files\arcgis\pro\Resources\ArcToolbox\toolboxes\Data Management Tools.tbx\Append" Date="20200224" Time="152734">Append 'Derry HB26 Record Onlys' C:\Users\2342470\AppData\Roaming\Esri\ArcGISPro\Favorites\BuildingDesignation_Work.sde\HED_BuildingDesignation_Work.DBO.Listed_Buildings_Centroid "Use the Field Map to reconcile schema differences" "HB_ref "HB Reference" true true false 50 Text 0 0,First,#,Derry HB26 Record Onlys,HB_No,0,255;CurrentGra "Current Grade" true true false 254 Text 0 0,First,#,Derry HB26 Record Onlys,CurrentGrade,0,255;Address "Address" true true false 254 Text 0 0,First,#,Derry HB26 Record Onlys,Address,0,255;Extent "Extent" true true false 254 Text 0 0,First,#,Derry HB26 Record Onlys,Extent,0,255;Date_Const "Date Constructed" true true false 254 Text 0 0,First,#,Derry HB26 Record Onlys,DateConst,0,255;CurrentUse "Current Use" true true false 254 Text 0 0,First,#,Derry HB26 Record Onlys,CurrentBdgUse,0,255;FormerUse "Former Use" true true false 254 Text 0 0,First,#,Derry HB26 Record Onlys,Former_Use,0,255;Vernacular "Vernacular" true true false 255 Text 0 0,First,#,Derry HB26 Record Onlys,Vernacular,0,255;Thatched "Thatched" true true false 255 Text 0 0,First,#,Derry HB26 Record Onlys,Thatched,0,255;Derelict "Derelict" true true false 255 Text 0 0,First,#,Derry HB26 Record Onlys,Derelict,0,255;Townland "Townland" true true false 254 Text 0 0,First,#,Derry HB26 Record Onlys,Townland,0,255;Council "Council" true true false 255 Text 0 0,First,#,Derry HB26 Record Onlys,CouncilID,0,255;TxtIGRef "Irish Grid Ref" true true false 254 Text 0 0,First,#,Derry HB26 Record Onlys,IGRef,0,255;ChkSS "Second Surveyed?" true true false 255 Text 0 0,First,#,Derry HB26 Record Onlys,ChkSS,0,255;MainID "Main ID" true true false 8 Double 8 38,First,#,Derry HB26 Record Onlys,MainID,-1,-1;ObjectID "ObjectID" true true false 4 Long 0 10,First,#;BU_ID "Building ID" true true false 100 Text 0 0,First,#" # #</Process><Process ToolSource="c:\program files\arcgis\pro\Resources\ArcToolbox\toolboxes\Data Management Tools.tbx\Append" Date="20200424" Time="101553">Append Limavady_ROs HED_BuildingDesignation_Work.DBO.Listed_Buildings_Centroid "Use the Field Map to reconcile schema differences" "HB_ref "HB Reference" true true false 50 Text 0 0,First,#,Limavady_ROs,HB_Ref,0,255;CurrentGra "Current Grade" true true false 254 Text 0 0,First,#,Limavady_ROs,txtCurrentGrade,0,255;Address "Address" true true false 254 Text 0 0,First,#,Limavady_ROs,Address,0,255;Extent "Extent" true true false 254 Text 0 0,First,#,Limavady_ROs,Extent,0,255;Date_Const "Date Constructed" true true false 254 Text 0 0,First,#,Limavady_ROs,DateConstructed,0,255;CurrentUse "Current Use" true true false 254 Text 0 0,First,#,Limavady_ROs,CboCurrentBdgUse,0,255;FormerUse "Former Use" true true false 254 Text 0 0,First,#,Limavady_ROs,FormerUse,0,255;Vernacular "Vernacular" true true false 255 Text 0 0,First,#,Limavady_ROs,Vernacular,0,255;Thatched "Thatched" true true false 255 Text 0 0,First,#,Limavady_ROs,CboThatched,0,255;Derelict "Derelict" true true false 255 Text 0 0,First,#,Limavady_ROs,CboDerelict,0,255;Townland "Townland" true true false 254 Text 0 0,First,#,Limavady_ROs,Townland,0,255;Council "Council" true true false 255 Text 0 0,First,#,Limavady_ROs,cboCouncilID,0,255;TxtIGRef "Irish Grid Ref" true true false 254 Text 0 0,First,#,Limavady_ROs,TxtIGRef,0,255;ChkSS "Second Surveyed?" true true false 255 Text 0 0,First,#,Limavady_ROs,ChkSS,0,255;MainID "Main ID" true true false 8 Double 8 38,First,#,Limavady_ROs,MainID,-1,-1;ObjectID "ObjectID" true true false 4 Long 0 10,First,#;BU_ID "Building ID" true true false 100 Text 0 0,First,#" # #</Process><Process ToolSource="c:\program files\arcgis\pro\Resources\ArcToolbox\toolboxes\Data Management Tools.tbx\Append" Date="20200424" Time="150538">Append Banbridge_ROs_Edited C:\Users\2342470\AppData\Roaming\Esri\ArcGISPro\Favorites\BuildingDesignation_Work.sde\HED_BuildingDesignation_Work.DBO.Listed_Buildings_Centroid "Use the Field Map to reconcile schema differences" "HB_ref "HB Reference" true true false 50 Text 0 0,First,#,Banbridge_ROs_Edited,HB_Ref,0,254;CurrentGra "Current Grade" true true false 254 Text 0 0,First,#,Banbridge_ROs_Edited,CurrentGra,0,254;Address "Address" true true false 254 Text 0 0,First,#,Banbridge_ROs_Edited,Address,0,254;Extent "Extent" true true false 254 Text 0 0,First,#,Banbridge_ROs_Edited,Extent_Lis,0,254;Date_Const "Date Constructed" true true false 254 Text 0 0,First,#,Banbridge_ROs_Edited,Date_Const,0,254;CurrentUse "Current Use" true true false 254 Text 0 0,First,#,Banbridge_ROs_Edited,Current_Us,0,254;FormerUse "Former Use" true true false 254 Text 0 0,First,#,Banbridge_ROs_Edited,Former_Use,0,254;Vernacular "Vernacular" true true false 255 Text 0 0,First,#,Banbridge_ROs_Edited,Vernacular,0,254;Thatched "Thatched" true true false 255 Text 0 0,First,#,Banbridge_ROs_Edited,Thatched,0,254;Derelict "Derelict" true true false 255 Text 0 0,First,#;Townland "Townland" true true false 254 Text 0 0,First,#,Banbridge_ROs_Edited,Townland,0,254;Council "Council" true true false 255 Text 0 0,First,#,Banbridge_ROs_Edited,CouncilID,0,254;TxtIGRef "Irish Grid Ref" true true false 254 Text 0 0,First,#,Banbridge_ROs_Edited,IGRef,0,254;ChkSS "Second Surveyed?" true true false 255 Text 0 0,First,#,Banbridge_ROs_Edited,SS,0,254;MainID "Main ID" true true false 8 Double 8 38,First,#,Banbridge_ROs_Edited,MainID,-1,-1;ObjectID "ObjectID" true true false 4 Long 0 10,First,#;BU_ID "Building ID" true true false 100 Text 0 0,First,#" # #</Process><Process ToolSource="c:\program files\arcgis\pro\Resources\ArcToolbox\toolboxes\Data Management Tools.tbx\Append" Date="20200818" Time="102135">Append ""Antrim_RO's"" C:\Users\2342470\AppData\Roaming\Esri\ArcGISPro\Favorites\BuildingDesignation_Work.sde\HED_BuildingDesignation_Work.DBO.Listed_Buildings_Centroid "Use the Field Map to reconcile schema differences" "HB_ref "HB Reference" true true false 50 Text 0 0,First,#,Antrim_RO's,HB_Ref_No,0,0;CurrentGra "Current Grade" true true false 254 String 0 0,First,#,Antrim_RO's,txtCurrent,0,50;Address "Address" true true false 254 Text 0 0,First,#,Antrim_RO's,Address,0,254;Extent "Extent" true true false 254 String 0 0,First,#,Antrim_RO's,Extent_of,0,254;Date_Const "Date Constructed" true true false 254 Text 0 0,First,#,Antrim_RO's,Date_of_Co,0,0;CurrentUse "Current Use" true true false 254 String 0 0,First,#,Antrim_RO's,CboCurrent,0,254;FormerUse "Former Use" true true false 254 Text 0 0,First,#;Vernacular "Vernacular" true true false 255 Text 0 0,First,#,Antrim_RO's,CboVernacu,0,0;Thatched "Thatched" true true false 255 String 0 0,First,#,Antrim_RO's,CboThatche,0,255;Derelict "Derelict" true true false 255 Text 0 0,First,#;Townland "Townland" true true false 254 Text 0 0,First,#,Antrim_RO's,Townland,0,254;Council "Council" true true false 255 String 0 0,First,#,;TxtIGRef "Irish Grid Ref" true true false 254 String 0 0,First,#,Antrim_RO's,TxtIGRef,0,254;ChkSS "Second Surveyed?" true true false 255 Text 0 0,First,#,Antrim_RO's,ChkSS,0,254;MainID "Main ID" true true false 8 Double 8 38,First,#,Antrim_RO's,MainID,0,255;ObjectID "ObjectID" true true false 4 Long 0 10,First,#;BU_ID "Building ID" true true false 100 Text 0 0,First,#" # #</Process><Process ToolSource="c:\program files\arcgis\pro\Resources\ArcToolbox\toolboxes\Data Management Tools.tbx\Append" Date="20200818" Time="124955">Append ""Antrim_RO's"" C:\Users\2342470\AppData\Roaming\Esri\ArcGISPro\Favorites\BuildingDesignation_Work.sde\HED_BuildingDesignation_Work.DBO.Listed_Buildings_Centroid "Use the Field Map to reconcile schema differences" "HB_ref "HB Reference" true true false 50 Text 0 0,First,#,Antrim_RO's,HB_Ref_No,0,0;CurrentGra "Current Grade" true true false 254 String 0 0,First,#,Antrim_RO's,txtCurrent,0,50;Address "Address" true true false 254 Text 0 0,First,#,Antrim_RO's,Address,0,254;Extent "Extent" true true false 254 String 0 0,First,#,Antrim_RO's,Extent_of,0,254;Date_Const "Date Constructed" true true false 254 Text 0 0,First,#,Antrim_RO's,Date_of_Co,0,0;CurrentUse "Current Use" true true false 254 String 0 0,First,#,Antrim_RO's,CboCurrent,0,254;FormerUse "Former Use" true true false 254 Text 0 0,First,#;Vernacular "Vernacular" true true false 255 Text 0 0,First,#,Antrim_RO's,CboVernacu,0,0;Thatched "Thatched" true true false 255 String 0 0,First,#,Antrim_RO's,CboThatche,0,255;Derelict "Derelict" true true false 255 Text 0 0,First,#,Antrim_RO's,CboDerelic,0,0;Townland "Townland" true true false 254 String 0 0,First,#,Antrim_RO's,Townland,0,254;Council "Council" true true false 255 Text 0 0,First,#,Antrim_RO's,cboCouncil,0,0;TxtIGRef "Irish Grid Ref" true true false 254 String 0 0,First,#,Antrim_RO's,TxtIGRef,0,254;ChkSS "Second Surveyed?" true true false 255 Text 0 0,First,#,Antrim_RO's,ChkSS,0,254;MainID "Main ID" true true false 8 Double 8 38,First,#,Antrim_RO's,MainID,0,255;ObjectID "ObjectID" true true false 4 Long 0 10,First,#;BU_ID "Building ID" true true false 100 Text 0 0,First,#" # #</Process><Process ToolSource="c:\program files\arcgis\pro\Resources\ArcToolbox\toolboxes\Data Management Tools.tbx\Append" Date="20200828" Time="122626">Append ColeraineXY C:\Users\2342470\AppData\Roaming\Esri\ArcGISPro\Favorites\BuildingDesignation_Work.sde\HED_BuildingDesignation_Work.DBO.Listed_Buildings_Centroid "Use the Field Map to reconcile schema differences" "HB_ref "HB Reference" true true false 50 Text 0 0,First,#,ColeraineXY,HB_Ref_No,0,255;CurrentGra "Current Grade" true true false 254 Text 0 0,First,#,ColeraineXY,txtCurrentGrade,0,255;Address "Address" true true false 254 Text 0 0,First,#,ColeraineXY,Address,0,255;Extent "Extent" true true false 254 Text 0 0,First,#,ColeraineXY,Extent,0,255;Date_Const "Date Constructed" true true false 254 Text 0 0,First,#,ColeraineXY,Date_Constructed,0,255;CurrentUse "Current Use" true true false 254 Text 0 0,First,#,ColeraineXY,Current_Use,0,255;FormerUse "Former Use" true true false 254 Text 0 0,First,#,ColeraineXY,Former_Use,0,255;Vernacular "Vernacular" true true false 255 Text 0 0,First,#,ColeraineXY,Vernacular,0,255;Thatched "Thatched" true true false 255 Text 0 0,First,#,ColeraineXY,Thatched,0,255;Derelict "Derelict" true true false 255 Text 0 0,First,#,ColeraineXY,Derelict,0,255;Townland "Townland" true true false 254 Text 0 0,First,#,ColeraineXY,Townland,0,255;Council "Council" true true false 255 Text 0 0,First,#,ColeraineXY,CouncilID,0,255;TxtIGRef "Irish Grid Ref" true true false 254 Text 0 0,First,#;ChkSS "Second Surveyed?" true true false 255 Text 0 0,First,#,ColeraineXY,ChkSS,0,255;MainID "Main ID" true true false 8 Double 8 38,First,#,ColeraineXY,MainID,-1,-1;ObjectID "ObjectID" true true false 4 Long 0 10,First,#;BU_ID "Building ID" true true false 100 Text 0 0,First,#" # #</Process><Process ToolSource="c:\program files\arcgis\pro\Resources\ArcToolbox\toolboxes\Data Management Tools.tbx\Append" Date="20200922" Time="154249">Append 'Lisburn ROs' C:\Users\2342470\AppData\Roaming\Esri\ArcGISPro\Favorites\BuildingDesignation_Work.sde\HED_BuildingDesignation_Work.DBO.Listed_Buildings_Centroid "Use the Field Map to reconcile schema differences" "HB_ref "HB Reference" true true false 50 Text 0 0,First,#,Lisburn ROs,HB_Ref_No,0,254;CurrentGra "Current Grade" true true false 254 Text 0 0,First,#,Lisburn ROs,txtCurrent,0,254;Address "Address" true true false 254 Text 0 0,First,#,Lisburn ROs,Address,0,254;Extent "Extent" true true false 254 Text 0 0,First,#,Lisburn ROs,Extent_of_,0,254;Date_Const "Date Constructed" true true false 254 Text 0 0,First,#,Lisburn ROs,Date_of_Co,0,254;CurrentUse "Current Use" true true false 254 Text 0 0,First,#,Lisburn ROs,CboCurrent,0,254;FormerUse "Former Use" true true false 254 Text 0 0,First,#;Vernacular "Vernacular" true true false 255 Text 0 0,First,#,Lisburn ROs,CboVernacu,0,254;Thatched "Thatched" true true false 255 Text 0 0,First,#,Lisburn ROs,CboThatche,0,254;Derelict "Derelict" true true false 255 Text 0 0,First,#,Lisburn ROs,CboDerelic,0,254;Townland "Townland" true true false 254 Text 0 0,First,#,Lisburn ROs,Townland,0,254;Council "Council" true true false 255 Text 0 0,First,#,Lisburn ROs,cboCouncil,0,254;TxtIGRef "Irish Grid Ref" true true false 254 Text 0 0,First,#,Lisburn ROs,TxtIGRef,0,254;ChkSS "Second Surveyed?" true true false 255 Text 0 0,First,#,Lisburn ROs,ChkSS,0,254;MainID "Main ID" true true false 8 Double 8 38,First,#,Lisburn ROs,MainID,-1,-1;ObjectID "ObjectID" true true false 4 Long 0 10,First,#;BU_ID "Building ID" true true false 100 Text 0 0,First,#" # #</Process><Process ToolSource="c:\program files\arcgis\pro\Resources\ArcToolbox\toolboxes\Data Management Tools.tbx\Append" Date="20201020" Time="095729">Append Larne_ROs C:\Users\2342470\AppData\Roaming\Esri\ArcGISPro\Favorites\BuildingDesignation_Work.sde\HED_BuildingDesignation_Work.DBO.Listed_Buildings_Centroid "Use the Field Map to reconcile schema differences" "HB_ref "HB Reference" true true false 50 Text 0 0,First,#,Larne_ROs,HB_Ref_No,0,254;CurrentGra "Current Grade" true true false 254 Text 0 0,First,#,Larne_ROs,txtCurrent,0,254;Address "Address" true true false 254 Text 0 0,First,#,Larne_ROs,Address,0,254;Extent "Extent" true true false 254 Text 0 0,First,#,Larne_ROs,Extent_of_,0,254;Date_Const "Date Constructed" true true false 254 Text 0 0,First,#,Larne_ROs,Date_of_Co,0,254;CurrentUse "Current Use" true true false 254 Text 0 0,First,#,Larne_ROs,CboCurrent,0,254;FormerUse "Former Use" true true false 254 Text 0 0,First,#;Vernacular "Vernacular" true true false 255 Text 0 0,First,#,Larne_ROs,CboVernacu,0,254;Thatched "Thatched" true true false 255 Text 0 0,First,#,Larne_ROs,CboThatche,0,254;Derelict "Derelict" true true false 255 Text 0 0,First,#,Larne_ROs,CboDerelic,0,254;Townland "Townland" true true false 254 Text 0 0,First,#,Larne_ROs,Townland,0,254;Council "Council" true true false 255 Text 0 0,First,#,Larne_ROs,cboCouncil,0,254;TxtIGRef "Irish Grid Ref" true true false 254 Text 0 0,First,#,Larne_ROs,TxtIGRef,0,254;ChkSS "Second Surveyed?" true true false 255 Text 0 0,First,#,Larne_ROs,ChkSS,0,254;MainID "Main ID" true true false 8 Double 8 38,First,#,Larne_ROs,MainID,-1,-1;ObjectID "ObjectID" true true false 4 Long 0 10,First,#;BU_ID "Building ID" true true false 100 Text 0 0,First,#" # #</Process><Process ToolSource="c:\program files\arcgis\pro\Resources\ArcToolbox\toolboxes\Data Management Tools.tbx\Append" Date="20201110" Time="150831">Append 'Newtownabbey ROs' C:\Users\2342470\AppData\Roaming\Esri\ArcGISPro\Favorites\BuildingDesignation_Work.sde\HED_BuildingDesignation_Work.DBO.Listed_Buildings_Centroid "Use the Field Map to reconcile schema differences" "HB_ref "HB Reference" true true false 50 Text 0 0,First,#,Newtownabbey ROs,HB_Ref_No,0,254;CurrentGra "Current Grade" true true false 254 Text 0 0,First,#,Newtownabbey ROs,txtCurrent,0,254;Address "Address" true true false 254 Text 0 0,First,#,Newtownabbey ROs,Address,0,254;Extent "Extent" true true false 254 Text 0 0,First,#,Newtownabbey ROs,Extent_of_,0,254;Date_Const "Date Constructed" true true false 254 Text 0 0,First,#,Newtownabbey ROs,Date_of_Co,0,254;CurrentUse "Current Use" true true false 254 Text 0 0,First,#,Newtownabbey ROs,CboCurrent,0,254;FormerUse "Former Use" true true false 254 Text 0 0,First,#;Vernacular "Vernacular" true true false 255 Text 0 0,First,#,Newtownabbey ROs,CboVernacu,0,254;Thatched "Thatched" true true false 255 Text 0 0,First,#,Newtownabbey ROs,CboThatche,0,254;Derelict "Derelict" true true false 255 Text 0 0,First,#,Newtownabbey ROs,CboDerelic,0,254;Townland "Townland" true true false 254 Text 0 0,First,#,Newtownabbey ROs,Townland,0,254;Council "Council" true true false 255 Text 0 0,First,#,Newtownabbey ROs,CboCurrent,0,254;TxtIGRef "Irish Grid Ref" true true false 254 Text 0 0,First,#,Newtownabbey ROs,TxtIGRef,0,254;ChkSS "Second Surveyed?" true true false 255 Text 0 0,First,#,Newtownabbey ROs,ChkSS,0,254;MainID "Main ID" true true false 8 Double 8 38,First,#,Newtownabbey ROs,MainID,-1,-1;ObjectID "ObjectID" true true false 4 Long 0 10,First,#;BU_ID "Building ID" true true false 100 Text 0 0,First,#" # #</Process><Process ToolSource="c:\program files\arcgis\pro\Resources\ArcToolbox\toolboxes\Data Management Tools.tbx\Append" Date="20201113" Time="154755">Append 'Omagh ROs' C:\Users\2342470\AppData\Roaming\Esri\ArcGISPro\Favorites\BuildingDesignation_Work.sde\HED_BuildingDesignation_Work.DBO.Listed_Buildings_Centroid "Use the Field Map to reconcile schema differences" "HB_ref "HB Reference" true true false 50 Text 0 0,First,#,Omagh ROs,HB_Ref_No,0,254;CurrentGra "Current Grade" true true false 254 Text 0 0,First,#,Omagh ROs,txtCurrent,0,254;Address "Address" true true false 254 Text 0 0,First,#,Omagh ROs,Address,0,254;Extent "Extent" true true false 254 Text 0 0,First,#,Omagh ROs,Extent_of_,0,254;Date_Const "Date Constructed" true true false 254 Text 0 0,First,#,Omagh ROs,Date_of_Co,0,254;CurrentUse "Current Use" true true false 254 Text 0 0,First,#,Omagh ROs,CboCurrent,0,254;FormerUse "Former Use" true true false 254 Text 0 0,First,#;Vernacular "Vernacular" true true false 255 Text 0 0,First,#,Omagh ROs,CboVernacu,0,254;Thatched "Thatched" true true false 255 Text 0 0,First,#,Omagh ROs,CboThatche,0,254;Derelict "Derelict" true true false 255 Text 0 0,First,#;Townland "Townland" true true false 254 Text 0 0,First,#,Omagh ROs,Townland,0,254;Council "Council" true true false 255 Text 0 0,First,#,Omagh ROs,cboCouncil,0,254;TxtIGRef "Irish Grid Ref" true true false 254 Text 0 0,First,#,Omagh ROs,TxtIGRef,0,254;ChkSS "Second Surveyed?" true true false 255 Text 0 0,First,#,Omagh ROs,ChkSS,0,254;MainID "Main ID" true true false 8 Double 8 38,First,#,Omagh ROs,MainID,-1,-1;ObjectID "ObjectID" true true false 4 Long 0 10,First,#;BU_ID "Building ID" true true false 100 Text 0 0,First,#" # #</Process><Process ToolSource="c:\program files\arcgis\pro\Resources\ArcToolbox\toolboxes\Data Management Tools.tbx\Append" Date="20201203" Time="162153">Append ""Antrim_RO's"" C:\Users\2342470\AppData\Roaming\Esri\ArcGISPro\Favorites\BuildingDesignation_Work.sde\HED_BuildingDesignation_Work.DBO.Listed_Buildings_Centroid "Use the Field Map to reconcile schema differences" "HB_ref "HB Reference" true true false 50 Text 0 0,First,#,Antrim_RO's,HB_Ref_No,0,0;CurrentGra "Current Grade" true true false 254 String 0 0,First,#,Antrim_RO's,txtCurrent,0,50;Address "Address" true true false 254 Text 0 0,First,#,Antrim_RO's,Address,0,254;Extent "Extent" true true false 254 String 0 0,First,#,Antrim_RO's,Extent_of,0,254;Date_Const "Date Constructed" true true false 254 Text 0 0,First,#,Antrim_RO's,Date_of_Co,0,0;CurrentUse "Current Use" true true false 254 String 0 0,First,#,Antrim_RO's,CboCurrent,0,254;FormerUse "Former Use" true true false 254 Text 0 0,First,#;Vernacular "Vernacular" true true false 255 Text 0 0,First,#,Antrim_RO's,CboVernacu,0,0;Thatched "Thatched" true true false 255 String 0 0,First,#,Antrim_RO's,CboThatche,0,255;Derelict "Derelict" true true false 255 Text 0 0,First,#,Antrim_RO's,CboDerelic,0,0;Townland "Townland" true true false 254 String 0 0,First,#,Antrim_RO's,Townland,0,254;Council "Council" true true false 255 Text 0 0,First,#,Antrim_RO's,cboCouncil,0,0;TxtIGRef "Irish Grid Ref" true true false 254 String 0 0,First,#,Antrim_RO's,TxtIGRef,0,254;ChkSS "Second Surveyed?" true true false 255 Text 0 0,First,#,Antrim_RO's,ChkSS,0,254;MainID "Main ID" true true false 8 Double 8 38,First,#,Antrim_RO's,MainID,0,255;ObjectID "ObjectID" true true false 4 Long 0 10,First,#;BU_ID "Building ID" true true false 100 Text 0 0,First,#" # #</Process><Process ToolSource="c:\program files (x86)\arcgis\desktop10.7\ArcToolbox\Toolboxes\Data Management Tools.tbx\Append" Date="20201204" Time="092641">Append Antrim_ROs "Listed Buildings - DFC16" TEST # #</Process><Process ToolSource="c:\program files (x86)\arcgis\desktop10.7\ArcToolbox\Toolboxes\Data Management Tools.tbx\Append" Date="20201204" Time="093602">Append Antrim_ROs "Listed Buildings - DFC16" NO_TEST "HB_ref "HB Reference" true true false 50 Text 0 0 ,First,#;CurrentGra "Current Grade" true true false 254 Text 0 0 ,First,#;Address "Address" true true false 254 Text 0 0 ,First,#,Antrim_ROs,Address,-1,-1;Extent "Extent" true true false 254 Text 0 0 ,First,#;Date_Const "Date Constructed" true true false 254 Text 0 0 ,First,#;CurrentUse "Current Use" true true false 254 Text 0 0 ,First,#;FormerUse "Former Use" true true false 254 Text 0 0 ,First,#;Vernacular "Vernacular" true true false 255 Text 0 0 ,First,#;Thatched "Thatched" true true false 255 Text 0 0 ,First,#;Derelict "Derelict" true true false 255 Text 0 0 ,First,#;Townland "Townland" true true false 254 Text 0 0 ,First,#,Antrim_ROs,Townland,-1,-1;Council "Council" true true false 255 Text 0 0 ,First,#;TxtIGRef "Irish Grid Ref" true true false 254 Text 0 0 ,First,#,Antrim_ROs,TxtIGRef,-1,-1;ChkSS "Second Surveyed?" true true false 255 Text 0 0 ,First,#,Antrim_ROs,ChkSS,-1,-1;MainID "Main ID" true true false 8 Double 8 38 ,First,#,Antrim_ROs,MainID,-1,-1;ObjectID "ObjectID" true true false 4 Long 0 10 ,First,#;BU_ID "Building ID" true true false 100 Text 0 0 ,First,#" #</Process><Process ToolSource="c:\program files\arcgis\pro\Resources\ArcToolbox\toolboxes\Data Management Tools.tbx\Append" Date="20201204" Time="100430">Append Antrim_ROs HED_BuildingDesignation_Work.DBO.Listed_Buildings_Centroid "Use the Field Map to reconcile schema differences" "HB_ref "HB Reference" true true false 50 Text 0 0,First,#,Antrim_ROs,HB_Ref_No,0,254;CurrentGra "Current Grade" true true false 254 Text 0 0,First,#,Antrim_ROs,txtCurrent,0,254;Address "Address" true true false 254 Text 0 0,First,#,Antrim_ROs,Address,0,254;Extent "Extent" true true false 254 Text 0 0,First,#,Antrim_ROs,Extent_of,0,254;Date_Const "Date Constructed" true true false 254 Text 0 0,First,#,Antrim_ROs,Date_of_Co,0,254;CurrentUse "Current Use" true true false 254 Text 0 0,First,#,Antrim_ROs,CboCurrent,0,254;FormerUse "Former Use" true true false 254 Text 0 0,First,#,Antrim_ROs,Principal,0,254;Vernacular "Vernacular" true true false 255 Text 0 0,First,#,Antrim_ROs,CboVernacu,0,254;Thatched "Thatched" true true false 255 Text 0 0,First,#,Antrim_ROs,CboThatche,0,254;Derelict "Derelict" true true false 255 Text 0 0,First,#,Antrim_ROs,CboDerelic,0,254;Townland "Townland" true true false 254 Text 0 0,First,#,Antrim_ROs,Townland,0,254;Council "Council" true true false 255 Text 0 0,First,#,Antrim_ROs,cboCouncil,0,254;TxtIGRef "Irish Grid Ref" true true false 254 Text 0 0,First,#,Antrim_ROs,TxtIGRef,0,254;ChkSS "Second Surveyed?" true true false 255 Text 0 0,First,#,Antrim_ROs,ChkSS,0,254;MainID "Main ID" true true false 8 Double 8 38,First,#,Antrim_ROs,MainID,-1,-1;ObjectID "ObjectID" true true false 4 Long 0 10,First,#;BU_ID "Building ID" true true false 100 Text 0 0,First,#" # #</Process><Process ToolSource="c:\program files\arcgis\pro\Resources\ArcToolbox\toolboxes\Data Management Tools.tbx\Append" Date="20201204" Time="132906">Append Antrim_ROs HED_BuildingDesignation_Work.DBO.Listed_Buildings_Centroid "Use the Field Map to reconcile schema differences" "HB_ref "HB Reference" true true false 50 Text 0 0,First,#,Antrim_ROs,HB_Ref_No,0,254;CurrentGra "Current Grade" true true false 254 Text 0 0,First,#,Antrim_ROs,txtCurrent,0,254;Address "Address" true true false 254 Text 0 0,First,#,Antrim_ROs,Address,0,254;Extent "Extent" true true false 254 Text 0 0,First,#,Antrim_ROs,Extent_of,0,254;Date_Const "Date Constructed" true true false 254 Text 0 0,First,#,Antrim_ROs,Date_of_Co,0,254;CurrentUse "Current Use" true true false 254 Text 0 0,First,#,Antrim_ROs,CboCurrent,0,254;FormerUse "Former Use" true true false 254 Text 0 0,First,#,Antrim_ROs,Principal,0,254;Vernacular "Vernacular" true true false 255 Text 0 0,First,#,Antrim_ROs,CboVernacu,0,254;Thatched "Thatched" true true false 255 Text 0 0,First,#,Antrim_ROs,CboThatche,0,254;Derelict "Derelict" true true false 255 Text 0 0,First,#,Antrim_ROs,CboDerelic,0,254;Townland "Townland" true true false 254 Text 0 0,First,#,Antrim_ROs,Townland,0,254;Council "Council" true true false 255 Text 0 0,First,#,Antrim_ROs,cboCouncil,0,254;TxtIGRef "Irish Grid Ref" true true false 254 Text 0 0,First,#,Antrim_ROs,TxtIGRef,0,254;ChkSS "Second Surveyed?" true true false 255 Text 0 0,First,#,Antrim_ROs,ChkSS,0,254;MainID "Main ID" true true false 8 Double 8 38,First,#,Antrim_ROs,MainID,-1,-1;BU_ID "Building ID" true true false 100 Text 0 0,First,#" # #</Process><Process ToolSource="c:\program files\arcgis\pro\Resources\ArcToolbox\toolboxes\Data Management Tools.tbx\Append" Date="20201207" Time="114200">Append Carrickfergus_ROs C:\Users\2342470\AppData\Roaming\Esri\ArcGISPro\Favorites\BuildingDesignation_Work.sde\HED_BuildingDesignation_Work.DBO.Listed_Buildings_Centroid "Use the Field Map to reconcile schema differences" "HB_ref "HB Reference" true true false 50 Text 0 0,First,#,Carrickfergus_ROs,TxtHBRefNo,0,254;CurrentGra "Current Grade" true true false 254 Text 0 0,First,#,Carrickfergus_ROs,txtCurrent,0,254;Address "Address" true true false 254 Text 0 0,First,#,Carrickfergus_ROs,Address,0,254;Extent "Extent" true true false 254 Text 0 0,First,#,Carrickfergus_ROs,Extent_of_,0,254;Date_Const "Date Constructed" true true false 254 Text 0 0,First,#,Carrickfergus_ROs,Date_of_Co,0,254;CurrentUse "Current Use" true true false 254 Text 0 0,First,#,Carrickfergus_ROs,CboCurrent,0,254;FormerUse "Former Use" true true false 254 Text 0 0,First,#;Vernacular "Vernacular" true true false 255 Text 0 0,First,#,Carrickfergus_ROs,CboVernacu,0,254;Thatched "Thatched" true true false 255 Text 0 0,First,#,Carrickfergus_ROs,CboThatche,0,254;Derelict "Derelict" true true false 255 Text 0 0,First,#,Carrickfergus_ROs,CboDerelic,0,254;Townland "Townland" true true false 254 Text 0 0,First,#,Carrickfergus_ROs,Townland,0,254;Council "Council" true true false 255 Text 0 0,First,#,Carrickfergus_ROs,cboCouncil,0,254;TxtIGRef "Irish Grid Ref" true true false 254 Text 0 0,First,#,Carrickfergus_ROs,TxtIGRef,0,254;ChkSS "Second Surveyed?" true true false 255 Text 0 0,First,#,Carrickfergus_ROs,ChkSS,0,254;MainID "Main ID" true true false 8 Double 8 38,First,#,Carrickfergus_ROs,MainID,-1,-1;ObjectID "ObjectID" true true false 4 Long 0 10,First,#;BU_ID "Building ID" true true false 100 Text 0 0,First,#" # #</Process><Process ToolSource="c:\program files\arcgis\pro\Resources\ArcToolbox\toolboxes\Data Management Tools.tbx\Append" Date="20201209" Time="123658">Append 'North Down ROs' HED_BuildingDesignation_Work.DBO.Listed_Buildings_Centroid "Use the Field Map to reconcile schema differences" "HB_ref "HB Reference" true true false 50 Text 0 0,First,#,North Down ROs,HB_Ref_No,0,254;CurrentGra "Current Grade" true true false 254 Text 0 0,First,#,North Down ROs,txtCurrent,0,254;Address "Address" true true false 254 Text 0 0,First,#,North Down ROs,Address,0,254;Extent "Extent" true true false 254 Text 0 0,First,#,North Down ROs,Extent_of_,0,254;Date_Const "Date Constructed" true true false 254 Text 0 0,First,#,North Down ROs,Date_of_Co,0,254;CurrentUse "Current Use" true true false 254 Text 0 0,First,#,North Down ROs,CboCurrent,0,254;FormerUse "Former Use" true true false 254 Text 0 0,First,#;Vernacular "Vernacular" true true false 255 Text 0 0,First,#,North Down ROs,CboVernacu,0,254;Thatched "Thatched" true true false 255 Text 0 0,First,#,North Down ROs,CboThatche,0,254;Derelict "Derelict" true true false 255 Text 0 0,First,#,North Down ROs,CboDerelic,0,254;Townland "Townland" true true false 254 Text 0 0,First,#,North Down ROs,Townland,0,254;Council "Council" true true false 255 Text 0 0,First,#,North Down ROs,cboCouncil,0,254;TxtIGRef "Irish Grid Ref" true true false 254 Text 0 0,First,#,North Down ROs,TxtIGRef,0,254;ChkSS "Second Surveyed?" true true false 255 Text 0 0,First,#,North Down ROs,ChkSS,0,254;MainID "Main ID" true true false 8 Double 8 38,First,#,North Down ROs,MainID,-1,-1;ObjectID "ObjectID" true true false 4 Long 0 10,First,#;BU_ID "Building ID" true true false 100 Text 0 0,First,#" # #</Process><Process ToolSource="c:\program files\arcgis\pro\Resources\ArcToolbox\toolboxes\Data Management Tools.tbx\Append" Date="20210114" Time="184517">Append ArdsROs C:\Users\2342470\AppData\Roaming\Esri\ArcGISPro\Favorites\BuildingDesignation_Work.sde\HED_BuildingDesignation_Work.DBO.Listed_Buildings_Centroid "Use the Field Map to reconcile schema differences" "HB_ref "HB Reference" true true false 50 Text 0 0,First,#,ArdsROs,HB_Ref_No,0,254;CurrentGra "Current Grade" true true false 254 Text 0 0,First,#,ArdsROs,txtCurrent,0,254;Address "Address" true true false 254 Text 0 0,First,#,ArdsROs,Address,0,254;Extent "Extent" true true false 254 Text 0 0,First,#,ArdsROs,Extent_of_,0,254;Date_Const "Date Constructed" true true false 254 Text 0 0,First,#,ArdsROs,Date_of_Co,0,254;CurrentUse "Current Use" true true false 254 Text 0 0,First,#,ArdsROs,CboCurrent,0,254;FormerUse "Former Use" true true false 254 Text 0 0,First,#,ArdsROs,Principal_,0,254;Vernacular "Vernacular" true true false 255 Text 0 0,First,#,ArdsROs,CboVernacu,0,254;Thatched "Thatched" true true false 255 Text 0 0,First,#,ArdsROs,CboThatche,0,254;Derelict "Derelict" true true false 255 Text 0 0,First,#,ArdsROs,CboDerelic,0,254;Townland "Townland" true true false 254 Text 0 0,First,#,ArdsROs,Townland,0,254;Council "Council" true true false 255 Text 0 0,First,#;TxtIGRef "Irish Grid Ref" true true false 254 Text 0 0,First,#,ArdsROs,TxtIGRef,0,254;ChkSS "Second Surveyed?" true true false 255 Text 0 0,First,#,ArdsROs,ChkSS,0,254;MainID "Main ID" true true false 8 Double 8 38,First,#,ArdsROs,MainID,-1,-1;ObjectID "ObjectID" true true false 4 Long 0 10,First,#;BU_ID "Building ID" true true false 100 Text 0 0,First,#" # #</Process><Process ToolSource="c:\program files\arcgis\pro\Resources\ArcToolbox\toolboxes\Data Management Tools.tbx\Append" Date="20210625" Time="143833">Append MissedRecordsOnly C:\Users\2342470\AppData\Roaming\Esri\ArcGISPro\Favorites\BuildingDesignation_Work.sde\HED_BuildingDesignation_Work.DBO.Listed_Buildings_Centroid "Use the Field Map to reconcile schema differences" "HB_ref "HB Reference" true true false 50 Text 0 0,First,#,MissedRecordsOnly,HB_Ref_No,0,254;CurrentGra "Current Grade" true true false 254 Text 0 0,First,#,MissedRecordsOnly,txtCurrent,0,254;Address "Address" true true false 254 Text 0 0,First,#,MissedRecordsOnly,Address,0,254;Extent "Extent" true true false 254 Text 0 0,First,#,MissedRecordsOnly,Extent_of_,0,254;Date_Const "Date Constructed" true true false 254 Text 0 0,First,#,MissedRecordsOnly,Date_of_Co,0,254;CurrentUse "Current Use" true true false 254 Text 0 0,First,#,MissedRecordsOnly,CboCurrent,0,254;FormerUse "Former Use" true true false 254 Text 0 0,First,#,MissedRecordsOnly,Principal_,0,254;Vernacular "Vernacular" true true false 255 Text 0 0,First,#,MissedRecordsOnly,CboVernacu,0,254;Thatched "Thatched" true true false 255 Text 0 0,First,#,MissedRecordsOnly,CboThatche,0,254;Derelict "Derelict" true true false 255 Text 0 0,First,#,MissedRecordsOnly,CboDerelic,0,254;Townland "Townland" true true false 254 Text 0 0,First,#,MissedRecordsOnly,Townland,0,254;Council "Council" true true false 255 Text 0 0,First,#,MissedRecordsOnly,cboCouncil,0,254;TxtIGRef "Irish Grid Ref" true true false 254 Text 0 0,First,#,MissedRecordsOnly,TxtIGRef,0,254;ChkSS "Second Surveyed?" true true false 255 Text 0 0,First,#,MissedRecordsOnly,ChkSS,0,254;MainID "Main ID" true true false 8 Double 8 38,First,#,MissedRecordsOnly,MainID,-1,-1;ObjectID "ObjectID" true true false 4 Long 0 10,First,#;BU_ID "Building ID" true true false 100 Text 0 0,First,#" # #</Process><Process ToolSource="c:\program files\arcgis\pro\Resources\ArcToolbox\toolboxes\Data Management Tools.tbx\Append" Date="20210625" Time="154158">Append 'Moyle ROs' C:\Users\2342470\AppData\Roaming\Esri\ArcGISPro\Favorites\BuildingDesignation_Work.sde\HED_BuildingDesignation_Work.DBO.Listed_Buildings_Centroid "Use the Field Map to reconcile schema differences" "HB_ref "HB Reference" true true false 50 Text 0 0,First,#,Moyle ROs,HB_Ref_No,0,254;CurrentGra "Current Grade" true true false 254 Text 0 0,First,#,Moyle ROs,txtCurrent,0,254;Address "Address" true true false 254 Text 0 0,First,#,Moyle ROs,Address,0,254;Extent "Extent" true true false 254 Text 0 0,First,#,Moyle ROs,Extent_of_,0,254;Date_Const "Date Constructed" true true false 254 Text 0 0,First,#,Moyle ROs,Date_of_Co,0,254;CurrentUse "Current Use" true true false 254 Text 0 0,First,#,Moyle ROs,CboCurrent,0,254;FormerUse "Former Use" true true false 254 Text 0 0,First,#,Moyle ROs,Principal_,0,254;Vernacular "Vernacular" true true false 255 Text 0 0,First,#,Moyle ROs,CboVernacu,0,254;Thatched "Thatched" true true false 255 Text 0 0,First,#,Moyle ROs,CboThatche,0,254;Derelict "Derelict" true true false 255 Text 0 0,First,#,Moyle ROs,CboDerelic,0,254;Townland "Townland" true true false 254 Text 0 0,First,#,Moyle ROs,Townland,0,254;Council "Council" true true false 255 Text 0 0,First,#;TxtIGRef "Irish Grid Ref" true true false 254 Text 0 0,First,#,Moyle ROs,TxtIGRef,0,254;ChkSS "Second Surveyed?" true true false 255 Text 0 0,First,#,Moyle ROs,ChkSS,0,254;MainID "Main ID" true true false 8 Double 8 38,First,#,Moyle ROs,MainID,-1,-1;ObjectID "ObjectID" true true false 4 Long 0 10,First,#;BU_ID "Building ID" true true false 100 Text 0 0,First,#" # #</Process><Process ToolSource="c:\program files\arcgis\pro\Resources\ArcToolbox\toolboxes\Data Management Tools.tbx\Append" Date="20210702" Time="142620">Append Ballymoney_ROS;Ballymena_ROs C:\Users\2342470\AppData\Roaming\Esri\ArcGISPro\Favorites\BuildingDesignation_Work.sde\HED_BuildingDesignation_Work.DBO.Listed_Buildings_Centroid "Use the Field Map to reconcile schema differences" "HB_ref "HB Reference" true true false 50 Text 0 0,First,#,Ballymoney_ROS,HB_Ref,0,254,Ballymena_ROs,HB_Ref,0,254;CurrentGra "Current Grade" true true false 254 Text 0 0,First,#,Ballymena_ROs,CurrentGra,0,254;Address "Address" true true false 254 Text 0 0,First,#,Ballymoney_ROS,Address,0,254,Ballymena_ROs,Address,0,254;Extent "Extent" true true false 254 Text 0 0,First,#,Ballymoney_ROS,Extent_of_,0,254;Date_Const "Date Constructed" true true false 254 Text 0 0,First,#,Ballymoney_ROS,Date_of_Co,0,254;CurrentUse "Current Use" true true false 254 Text 0 0,First,#,Ballymoney_ROS,CurrentBdg,0,254;FormerUse "Former Use" true true false 254 Text 0 0,First,#,Ballymoney_ROS,Former_Use,0,254;Vernacular "Vernacular" true true false 255 Text 0 0,First,#,Ballymoney_ROS,Vernacular,0,254,Ballymena_ROs,Vernacular,0,254;Thatched "Thatched" true true false 255 Text 0 0,First,#,Ballymoney_ROS,Thatched,0,254,Ballymena_ROs,Thatched,0,254;Derelict "Derelict" true true false 255 Text 0 0,First,#,Ballymoney_ROS,Derelict,0,254,Ballymena_ROs,Derelict,0,254;Townland "Townland" true true false 254 Text 0 0,First,#,Ballymoney_ROS,Townland,0,254,Ballymena_ROs,Townland,0,254;Council "Council" true true false 255 Text 0 0,First,#,Ballymoney_ROS,cboCouncil,0,254;TxtIGRef "Irish Grid Ref" true true false 254 Text 0 0,First,#,Ballymoney_ROS,IGRef,0,254;ChkSS "Second Surveyed?" true true false 255 Text 0 0,First,#,Ballymoney_ROS,ChkSS,0,254,Ballymena_ROs,ChkSS,0,254;MainID "Main ID" true true false 8 Double 8 38,First,#,Ballymoney_ROS,MainID,-1,-1,Ballymena_ROs,MainID,-1,-1;ObjectID "ObjectID" true true false 4 Long 0 10,First,#;BU_ID "Building ID" true true false 100 Text 0 0,First,#" # #</Process><Process ToolSource="c:\program files\arcgis\pro\Resources\ArcToolbox\toolboxes\Data Management Tools.tbx\Append" Date="20210805" Time="145406">Append 'Newry Mourne and Down ROs' HED_BuildingDesignation_Work.DBO.Listed_Buildings_Centroid "Use the Field Map to reconcile schema differences" "HB_ref "HB Reference" true true false 50 Text 0 0,First,#,Newry Mourne and Down ROs,HB_Ref_No,0,254;CurrentGra "Current Grade" true true false 254 Text 0 0,First,#,Newry Mourne and Down ROs,txtCurrent,0,254;Address "Address" true true false 254 Text 0 0,First,#,Newry Mourne and Down ROs,Address,0,254;Extent "Extent" true true false 254 Text 0 0,First,#,Newry Mourne and Down ROs,Extent_of_,0,254;Date_Const "Date Constructed" true true false 254 Text 0 0,First,#,Newry Mourne and Down ROs,Date_of_Co,0,254;CurrentUse "Current Use" true true false 254 Text 0 0,First,#,Newry Mourne and Down ROs,CboCurrent,0,254;FormerUse "Former Use" true true false 254 Text 0 0,First,#,Newry Mourne and Down ROs,Principal_,0,254;Vernacular "Vernacular" true true false 255 Text 0 0,First,#,Newry Mourne and Down ROs,CboVernacu,0,254;Thatched "Thatched" true true false 255 Text 0 0,First,#,Newry Mourne and Down ROs,CboThatche,0,254;Derelict "Derelict" true true false 255 Text 0 0,First,#,Newry Mourne and Down ROs,CboDerelic,0,254;Townland "Townland" true true false 254 Text 0 0,First,#,Newry Mourne and Down ROs,Townland,0,254;Council "Council" true true false 255 Text 0 0,First,#,Newry Mourne and Down ROs,cboCouncil,0,254;TxtIGRef "Irish Grid Ref" true true false 254 Text 0 0,First,#,Newry Mourne and Down ROs,TxtIGRef,0,254;ChkSS "Second Surveyed?" true true false 255 Text 0 0,First,#,Newry Mourne and Down ROs,ChkSS,0,254;MainID "Main ID" true true false 8 Double 8 38,First,#,Newry Mourne and Down ROs,MainID,-1,-1;ObjectID "ObjectID" true true false 4 Long 0 10,First,#;BU_ID "Building ID" true true false 100 Text 0 0,First,#" # #</Process><Process ToolSource="c:\program files\arcgis\pro\Resources\ArcToolbox\toolboxes\Data Management Tools.tbx\Append" Date="20210812" Time="125518">Append Margherafelt_Ferm_Dund_ROs HED_BuildingDesignation_Work.DBO.Listed_Buildings_Centroid "Use the Field Map to reconcile schema differences" "HB_ref "HB Reference" true true false 50 Text 0 0,First,#,Margherafelt_Ferm_Dund_ROs,HB_Ref_No,0,254;CurrentGra "Current Grade" true true false 254 Text 0 0,First,#,Margherafelt_Ferm_Dund_ROs,CurrentGra,0,254;Address "Address" true true false 254 Text 0 0,First,#,Margherafelt_Ferm_Dund_ROs,Address,0,254;Extent "Extent" true true false 254 Text 0 0,First,#,Margherafelt_Ferm_Dund_ROs,Extent_of_,0,254;Date_Const "Date Constructed" true true false 254 Text 0 0,First,#,Margherafelt_Ferm_Dund_ROs,Date_of_Co,0,254;CurrentUse "Current Use" true true false 254 Text 0 0,First,#,Margherafelt_Ferm_Dund_ROs,CurrentBdg,0,254;FormerUse "Former Use" true true false 254 Text 0 0,First,#,Margherafelt_Ferm_Dund_ROs,Principal_,0,254;Vernacular "Vernacular" true true false 255 Text 0 0,First,#,Margherafelt_Ferm_Dund_ROs,Vernacular,0,254;Thatched "Thatched" true true false 255 Text 0 0,First,#,Margherafelt_Ferm_Dund_ROs,Thatched,0,254;Derelict "Derelict" true true false 255 Text 0 0,First,#,Margherafelt_Ferm_Dund_ROs,Derelict,0,254;Townland "Townland" true true false 254 Text 0 0,First,#,Margherafelt_Ferm_Dund_ROs,Townland,0,254;Council "Council" true true false 255 Text 0 0,First,#,Margherafelt_Ferm_Dund_ROs,CouncilID,0,254;TxtIGRef "Irish Grid Ref" true true false 254 Text 0 0,First,#,Margherafelt_Ferm_Dund_ROs,IGRef,0,254;ChkSS "Second Surveyed?" true true false 255 Text 0 0,First,#,Margherafelt_Ferm_Dund_ROs,ChkSS,0,254;MainID "Main ID" true true false 8 Double 8 38,First,#,Margherafelt_Ferm_Dund_ROs,MainID,-1,-1;ObjectID "ObjectID" true true false 4 Long 0 10,First,#;BU_ID "Building ID" true true false 100 Text 0 0,First,#" # #</Process><Process ToolSource="c:\program files\arcgis\pro\Resources\ArcToolbox\toolboxes\Data Management Tools.tbx\DeleteIdentical" Date="20210812" Time="132025">DeleteIdentical HED_BuildingDesignation_Work.DBO.Listed_Buildings_Centroid MainID # 0</Process><Process ToolSource="c:\program files\arcgis\pro\Resources\ArcToolbox\toolboxes\Data Management Tools.tbx\Append" Date="20210827" Time="145537">Append ArmaghROs C:\Users\2342470\AppData\Roaming\Esri\ArcGISPro\Favorites\BuildingDesignation_Work.sde\HED_BuildingDesignation_Work.DBO.Listed_Buildings_Centroid "Use the Field Map to reconcile schema differences" "HB_ref "HB Reference" true true false 50 Text 0 0,First,#,ArmaghROs,HB_Ref_No,0,254;CurrentGra "Current Grade" true true false 254 Text 0 0,First,#,ArmaghROs,txtCurrent,0,254;Address "Address" true true false 254 Text 0 0,First,#,ArmaghROs,Address,0,254;Extent "Extent" true true false 254 Text 0 0,First,#,ArmaghROs,Extent_of_,0,254;Date_Const "Date Constructed" true true false 254 Text 0 0,First,#,ArmaghROs,Date_of_Co,0,254;CurrentUse "Current Use" true true false 254 Text 0 0,First,#,ArmaghROs,CurrentBdg,0,254;FormerUse "Former Use" true true false 254 Text 0 0,First,#,ArmaghROs,Principal_,0,254;Vernacular "Vernacular" true true false 255 Text 0 0,First,#,ArmaghROs,CboVernacu,0,254;Thatched "Thatched" true true false 255 Text 0 0,First,#,ArmaghROs,CboThatche,0,254;Derelict "Derelict" true true false 255 Text 0 0,First,#,ArmaghROs,CboDerelic,0,254;Townland "Townland" true true false 254 Text 0 0,First,#,ArmaghROs,Townland,0,254;Council "Council" true true false 255 Text 0 0,First,#;TxtIGRef "Irish Grid Ref" true true false 254 Text 0 0,First,#,ArmaghROs,TxtIGRef,0,254;ChkSS "Second Surveyed?" true true false 255 Text 0 0,First,#,ArmaghROs,ChkSS,0,254;MainID "Main ID" true true false 8 Double 8 38,First,#,ArmaghROs,MainID,-1,-1;ObjectID "ObjectID" true true false 4 Long 0 10,First,#;BU_ID "Building ID" true true false 100 Text 0 0,First,#" # #</Process><Process ToolSource="c:\program files\arcgis\pro\Resources\ArcToolbox\toolboxes\Data Management Tools.tbx\Append" Date="20210827" Time="145859">Append Castlereagh_ROs C:\Users\2342470\AppData\Roaming\Esri\ArcGISPro\Favorites\BuildingDesignation_Work.sde\HED_BuildingDesignation_Work.DBO.Listed_Buildings_Centroid "Use the Field Map to reconcile schema differences" "HB_ref "HB Reference" true true false 50 Text 0 0,First,#,Castlereagh_ROs,HB_Ref_No,0,254;CurrentGra "Current Grade" true true false 254 Text 0 0,First,#,Castlereagh_ROs,txtCurrent,0,254;Address "Address" true true false 254 Text 0 0,First,#,Castlereagh_ROs,Address,0,254;Extent "Extent" true true false 254 Text 0 0,First,#,Castlereagh_ROs,Extent_of_,0,254;Date_Const "Date Constructed" true true false 254 Text 0 0,First,#,Castlereagh_ROs,Date_of_Co,0,254;CurrentUse "Current Use" true true false 254 Text 0 0,First,#,Castlereagh_ROs,CboCurrent,0,254;FormerUse "Former Use" true true false 254 Text 0 0,First,#,Castlereagh_ROs,Principal_,0,254;Vernacular "Vernacular" true true false 255 Text 0 0,First,#,Castlereagh_ROs,CboVernacu,0,254;Thatched "Thatched" true true false 255 Text 0 0,First,#,Castlereagh_ROs,CboThatche,0,254;Derelict "Derelict" true true false 255 Text 0 0,First,#,Castlereagh_ROs,CboDerelic,0,254;Townland "Townland" true true false 254 Text 0 0,First,#,Castlereagh_ROs,Townland,0,254;Council "Council" true true false 255 Text 0 0,First,#,Castlereagh_ROs,cboCouncil,0,254;TxtIGRef "Irish Grid Ref" true true false 254 Text 0 0,First,#,Castlereagh_ROs,TxtIGRef,0,254;ChkSS "Second Surveyed?" true true false 255 Text 0 0,First,#,Castlereagh_ROs,ChkSS,0,254;MainID "Main ID" true true false 8 Double 8 38,First,#,Castlereagh_ROs,MainID,-1,-1;ObjectID "ObjectID" true true false 4 Long 0 10,First,#;BU_ID "Building ID" true true false 100 Text 0 0,First,#" # #</Process><Process ToolSource="c:\program files\arcgis\pro\Resources\ArcToolbox\toolboxes\Data Management Tools.tbx\Append" Date="20210827" Time="150507">Append 'Craigavon ROs' C:\Users\2342470\AppData\Roaming\Esri\ArcGISPro\Favorites\BuildingDesignation_Work.sde\HED_BuildingDesignation_Work.DBO.Listed_Buildings_Centroid "Use the Field Map to reconcile schema differences" "HB_ref "HB Reference" true true false 50 Text 0 0,First,#,Craigavon ROs,HB_Ref_No,0,254;CurrentGra "Current Grade" true true false 254 Text 0 0,First,#,Craigavon ROs,CurrentGra,0,254;Address "Address" true true false 254 Text 0 0,First,#,Craigavon ROs,Address,0,254;Extent "Extent" true true false 254 Text 0 0,First,#,Craigavon ROs,Extent_of_,0,254;Date_Const "Date Constructed" true true false 254 Text 0 0,First,#,Craigavon ROs,Date_of_Co,0,254;CurrentUse "Current Use" true true false 254 Text 0 0,First,#,Craigavon ROs,CurrentBdg,0,254;FormerUse "Former Use" true true false 254 Text 0 0,First,#,Craigavon ROs,Principal_,0,254;Vernacular "Vernacular" true true false 255 Text 0 0,First,#,Craigavon ROs,CboVernacu,0,254;Thatched "Thatched" true true false 255 Text 0 0,First,#,Craigavon ROs,CboThatche,0,254;Derelict "Derelict" true true false 255 Text 0 0,First,#,Craigavon ROs,CboDerelic,0,254;Townland "Townland" true true false 254 Text 0 0,First,#,Craigavon ROs,Townland,0,254;Council "Council" true true false 255 Text 0 0,First,#;TxtIGRef "Irish Grid Ref" true true false 254 Text 0 0,First,#,Craigavon ROs,TxtIGRef,0,254;ChkSS "Second Surveyed?" true true false 255 Text 0 0,First,#;MainID "Main ID" true true false 8 Double 8 38,First,#,Craigavon ROs,MainID,-1,-1;ObjectID "ObjectID" true true false 4 Long 0 10,First,#;BU_ID "Building ID" true true false 100 Text 0 0,First,#" # #</Process><Process ToolSource="c:\program files\arcgis\pro\Resources\ArcToolbox\toolboxes\Data Management Tools.tbx\Append" Date="20210827" Time="151533">Append DownRO C:\Users\2342470\AppData\Roaming\Esri\ArcGISPro\Favorites\BuildingDesignation_Work.sde\HED_BuildingDesignation_Work.DBO.Listed_Buildings_Centroid "Use the Field Map to reconcile schema differences" "HB_ref "HB Reference" true true false 50 Text 0 0,First,#,DownRO,HB_Ref_No,0,254;CurrentGra "Current Grade" true true false 254 Text 0 0,First,#,DownRO,txtCurrent,0,254;Address "Address" true true false 254 Text 0 0,First,#,DownRO,Address,0,254;Extent "Extent" true true false 254 Text 0 0,First,#,DownRO,Extent_of_,0,254;Date_Const "Date Constructed" true true false 254 Text 0 0,First,#,DownRO,Date_of_Co,0,254;CurrentUse "Current Use" true true false 254 Text 0 0,First,#,DownRO,CboCurrent,0,254;FormerUse "Former Use" true true false 254 Text 0 0,First,#,DownRO,Principal_,0,254;Vernacular "Vernacular" true true false 255 Text 0 0,First,#,DownRO,CboVernacu,0,254;Thatched "Thatched" true true false 255 Text 0 0,First,#,DownRO,CboThatche,0,254;Derelict "Derelict" true true false 255 Text 0 0,First,#,DownRO,CboDerelic,0,254;Townland "Townland" true true false 254 Text 0 0,First,#,DownRO,Townland,0,254;Council "Council" true true false 255 Text 0 0,First,#;TxtIGRef "Irish Grid Ref" true true false 254 Text 0 0,First,#,DownRO,TxtIGRef,0,254;ChkSS "Second Surveyed?" true true false 255 Text 0 0,First,#,DownRO,ChkSS,0,254;MainID "Main ID" true true false 8 Double 8 38,First,#,DownRO,MainID,-1,-1;ObjectID "ObjectID" true true false 4 Long 0 10,First,#;BU_ID "Building ID" true true false 100 Text 0 0,First,#" # #</Process><Process ToolSource="c:\program files\arcgis\pro\Resources\ArcToolbox\toolboxes\Data Management Tools.tbx\DeleteIdentical" Date="20210827" Time="154104">DeleteIdentical HED_BuildingDesignation_Work.DBO.Listed_Buildings_Centroid HB_ref # 0</Process><Process ToolSource="c:\program files\arcgis\pro\Resources\ArcToolbox\toolboxes\Data Management Tools.tbx\Append" Date="20210930" Time="105603">Append BelfastROs C:\Users\2342470\AppData\Roaming\Esri\ArcGISPro\Favorites\BuildingDesignation_Work.sde\HED_BuildingDesignation_Work.DBO.Listed_Buildings_Centroid "Use the Field Map to reconcile schema differences" "HB_ref "HB Reference" true true false 50 Text 0 0,First,#,BelfastROs,HB_Ref_No,0,254;CurrentGra "Current Grade" true true false 254 Text 0 0,First,#,BelfastROs,txtCurrent,0,254;Address "Address" true true false 254 Text 0 0,First,#,BelfastROs,Address,0,254;Extent "Extent" true true false 254 Text 0 0,First,#,BelfastROs,Extent_of_,0,254;Date_Const "Date Constructed" true true false 254 Text 0 0,First,#,BelfastROs,Date_of_Co,0,254;CurrentUse "Current Use" true true false 254 Text 0 0,First,#,BelfastROs,CurrentBdg,0,254;FormerUse "Former Use" true true false 254 Text 0 0,First,#,BelfastROs,Former_Use,0,254;Vernacular "Vernacular" true true false 255 Text 0 0,First,#,BelfastROs,CboVernacu,0,254;Thatched "Thatched" true true false 255 Text 0 0,First,#,BelfastROs,CboThatche,0,254;Derelict "Derelict" true true false 255 Text 0 0,First,#,BelfastROs,CboDerelic,0,254;Townland "Townland" true true false 254 Text 0 0,First,#,BelfastROs,Townland,0,254;Council "Council" true true false 255 Text 0 0,First,#;TxtIGRef "Irish Grid Ref" true true false 254 Text 0 0,First,#,BelfastROs,TxtIGRef,0,254;ChkSS "Second Surveyed?" true true false 255 Text 0 0,First,#,BelfastROs,ChkSS,0,254;MainID "Main ID" true true false 8 Double 8 38,First,#,BelfastROs,MainID,-1,-1;ObjectID "ObjectID" true true false 4 Long 0 10,First,#;BU_ID "Building ID" true true false 100 Text 0 0,First,#" # #</Process><Process ToolSource="c:\program files\arcgis\pro\Resources\ArcToolbox\toolboxes\Data Management Tools.tbx\DeleteIdentical" Date="20210930" Time="110802">DeleteIdentical HED_BuildingDesignation_Work.DBO.Listed_Buildings_Centroid HB_ref # 0</Process><Process Name="Feature Class to Feature Class (7)" ToolSource="c:\program files\arcgis\pro\Resources\ArcToolbox\toolboxes\Conversion Tools.tbx\FeatureClassToFeatureClass" Date="20240902" Time="141547">FeatureClassToFeatureClass Historic_Buildings_Record "V:\Historic Environment Viewer\HED data export model\HED Data Export gdb\HED_Data_Export_02Sep2024.gdb" Historic_Buildings_Record_02Sep2024 # "HB_ref "HB Reference" true true false 50 Text 0 0,First,#,Historic_Buildings_Record,HB_ref,0,50;CurrentGra "Current Grade" true true false 254 Text 0 0,First,#,Historic_Buildings_Record,CurrentGra,0,254;Address "Address" true true false 254 Text 0 0,First,#,Historic_Buildings_Record,Address,0,254;Extent "Extent" true true false 254 Text 0 0,First,#,Historic_Buildings_Record,Extent,0,254;Date_Const "Date Constructed" true true false 254 Text 0 0,First,#,Historic_Buildings_Record,Date_Const,0,254;CurrentUse "Current Use" true true false 254 Text 0 0,First,#,Historic_Buildings_Record,CurrentUse,0,254;FormerUse "Former Use" true true false 254 Text 0 0,First,#,Historic_Buildings_Record,FormerUse,0,254;Townland "Townland" true true false 254 Text 0 0,First,#,Historic_Buildings_Record,Townland,0,254;TxtIGRef "Irish Grid Ref" true true false 254 Text 0 0,First,#,Historic_Buildings_Record,TxtIGRef,0,254;MainID "Main ID" true true false 8 Double 8 38,First,#,Historic_Buildings_Record,MainID,-1,-1" #</Process><Process ToolSource="c:\program files\arcgis\pro\Resources\ArcToolbox\toolboxes\Data Management Tools.tbx\CopyFeatures" Date="20240902" Time="141604">CopyFeatures "V:\Historic Environment Viewer\HED data export model\HED Data Export gdb\HED_Data_Export_02Sep2024.gdb\Historic_Buildings_Record_02Sep2024" "V:\Historic Environment Viewer\HED data export model\HED Data Export shp\Historic Buildings Record\Historic_Buildings_Record_02Sep2024.shp" # # # #</Process></lineage><itemProps><itemName Sync="TRUE">Historic_Buildings_Record_02Sep2024</itemName><imsContentType Sync="TRUE">002</imsContentType><itemLocation><linkage Sync="TRUE">file://\\PR-DFC-GISDATA1\HistoricEnvironment\Historic Environment Viewer\HED data export model\HED Data Export shp\Historic Buildings Record\Historic_Buildings_Record_02Sep2024.shp</linkage><protocol Sync="TRUE">Local Area Network</protocol></itemLocation><itemSize Sync="TRUE">0.000</itemSize></itemProps><coordRef><type Sync="TRUE">Projected</type><geogcsn Sync="TRUE">GCS_TM65</geogcsn><csUnits Sync="TRUE">Linear Unit: Meter (1.000000)</csUnits><projcsn Sync="TRUE">TM65_Irish_Grid</projcsn><peXml Sync="TRUE">&lt;ProjectedCoordinateSystem xsi:type='typens:ProjectedCoordinateSystem' xmlns:xsi='http://www.w3.org/2001/XMLSchema-instance' xmlns:xs='http://www.w3.org/2001/XMLSchema' xmlns:typens='http://www.esri.com/schemas/ArcGIS/2.4.0'&gt;&lt;WKT&gt;PROJCS[&amp;quot;TM65_Irish_Grid&amp;quot;,GEOGCS[&amp;quot;GCS_TM65&amp;quot;,DATUM[&amp;quot;D_TM65&amp;quot;,SPHEROID[&amp;quot;Airy_Modified&amp;quot;,6377340.189,299.3249646]],PRIMEM[&amp;quot;Greenwich&amp;quot;,0.0],UNIT[&amp;quot;Degree&amp;quot;,0.0174532925199433]],PROJECTION[&amp;quot;Transverse_Mercator&amp;quot;],PARAMETER[&amp;quot;False_Easting&amp;quot;,200000.0],PARAMETER[&amp;quot;False_Northing&amp;quot;,250000.0],PARAMETER[&amp;quot;Central_Meridian&amp;quot;,-8.0],PARAMETER[&amp;quot;Scale_Factor&amp;quot;,1.000035],PARAMETER[&amp;quot;Latitude_Of_Origin&amp;quot;,53.5],UNIT[&amp;quot;Meter&amp;quot;,1.0],AUTHORITY[&amp;quot;EPSG&amp;quot;,29902]]&lt;/WKT&gt;&lt;XOrigin&gt;-5422600&lt;/XOrigin&gt;&lt;YOrigin&gt;-15681100&lt;/YOrigin&gt;&lt;XYScale&gt;450301423.55198777&lt;/XYScale&gt;&lt;ZOrigin&gt;-100000&lt;/ZOrigin&gt;&lt;ZScale&gt;10000&lt;/ZScale&gt;&lt;MOrigin&gt;-100000&lt;/MOrigin&gt;&lt;MScale&gt;10000&lt;/MScale&gt;&lt;XYTolerance&gt;0.001&lt;/XYTolerance&gt;&lt;ZTolerance&gt;0.001&lt;/ZTolerance&gt;&lt;MTolerance&gt;0.001&lt;/MTolerance&gt;&lt;HighPrecision&gt;true&lt;/HighPrecision&gt;&lt;WKID&gt;29900&lt;/WKID&gt;&lt;LatestWKID&gt;29902&lt;/LatestWKID&gt;&lt;/ProjectedCoordinateSystem&gt;</peXml></coordRef></DataProperties><SyncDate>20240902</SyncDate><SyncTime>14155900</SyncTime><ModDate>20240902</ModDate><ModTime>14155900</ModTime></Esri><dataIdInfo><envirDesc Sync="TRUE">Microsoft Windows 10 Version 10.0 (Build 22631) ; Esri ArcGIS 12.4.0.19948</envirDesc><dataLang><languageCode value="eng" Sync="TRUE"/><countryCode value="GBR" Sync="TRUE"/></dataLang><idCitation><resTitle Sync="TRUE">Historic_Buildings_Record_02Sep2024</resTitle><presForm><PresFormCd value="005" Sync="TRUE"/></presForm></idCitation><spatRpType><SpatRepTypCd value="001" Sync="TRUE"/></spatRpType></dataIdInfo><mdLang><languageCode value="eng" Sync="TRUE"/><countryCode value="GBR" Sync="TRUE"/></mdLang><distInfo><distFormat><formatName Sync="TRUE">Shapefile</formatName></distFormat><distTranOps><transSize Sync="TRUE">0.000</transSize></distTranOps></distInfo><mdHrLv><ScopeCd value="005" Sync="TRUE"/></mdHrLv><mdHrLvName Sync="TRUE">dataset</mdHrLvName><refSysInfo><RefSystem><refSysID><identCode code="29902" Sync="TRUE"/><idCodeSpace Sync="TRUE">EPSG</idCodeSpace><idVersion Sync="TRUE">7.6.4(9.2.0)</idVersion></refSysID></RefSystem></refSysInfo><spatRepInfo><VectSpatRep><geometObjs Name="Historic_Buildings_Record_02Sep2024"><geoObjTyp><GeoObjTypCd value="004" Sync="TRUE"></GeoObjTypCd></geoObjTyp><geoObjCnt Sync="TRUE">0</geoObjCnt></geometObjs><topLvl><TopoLevCd value="001" Sync="TRUE"></TopoLevCd></topLvl></VectSpatRep></spatRepInfo><spdoinfo><ptvctinf><esriterm Name="Historic_Buildings_Record_02Sep2024"><efeatyp Sync="TRUE">Simple</efeatyp><efeageom code="1" Sync="TRUE"></efeageom><esritopo Sync="TRUE">FALSE</esritopo><efeacnt Sync="TRUE">0</efeacnt><spindex Sync="TRUE">FALSE</spindex><linrefer Sync="TRUE">FALSE</linrefer></esriterm></ptvctinf></spdoinfo><eainfo><detailed Name="Historic_Buildings_Record_02Sep2024"><enttyp><enttypl Sync="TRUE">Historic_Buildings_Record_02Sep2024</enttypl><enttypt Sync="TRUE">Feature Class</enttypt><enttypc Sync="TRUE">0</enttypc></enttyp><attr><attrlabl Sync="TRUE">FID</attrlabl><attalias Sync="TRUE">FID</attalias><attrtype Sync="TRUE">OID</attrtype><attwidth Sync="TRUE">4</attwidth><atprecis Sync="TRUE">0</atprecis><attscale Sync="TRUE">0</attscale><attrdef Sync="TRUE">Internal feature number.</attrdef><attrdefs Sync="TRUE">Esri</attrdefs><attrdomv><udom Sync="TRUE">Sequential unique whole numbers that are automatically generated.</udom></attrdomv></attr><attr><attrlabl Sync="TRUE">HB_ref</attrlabl><attalias Sync="TRUE">HB_ref</attalias><attrtype Sync="TRUE">String</attrtype><attwidth Sync="TRUE">50</attwidth><atprecis Sync="TRUE">0</atprecis><attscale Sync="TRUE">0</attscale></attr><attr><attrlabl Sync="TRUE">CurrentGra</attrlabl><attalias Sync="TRUE">CurrentGra</attalias><attrtype Sync="TRUE">String</attrtype><attwidth Sync="TRUE">254</attwidth><atprecis Sync="TRUE">0</atprecis><attscale Sync="TRUE">0</attscale></attr><attr><attrlabl Sync="TRUE">Address</attrlabl><attalias Sync="TRUE">Address</attalias><attrtype Sync="TRUE">String</attrtype><attwidth Sync="TRUE">254</attwidth><atprecis Sync="TRUE">0</atprecis><attscale Sync="TRUE">0</attscale></attr><attr><attrlabl Sync="TRUE">Extent</attrlabl><attalias Sync="TRUE">Extent</attalias><attrtype Sync="TRUE">String</attrtype><attwidth Sync="TRUE">254</attwidth><atprecis Sync="TRUE">0</atprecis><attscale Sync="TRUE">0</attscale></attr><attr><attrlabl Sync="TRUE">Date_Const</attrlabl><attalias Sync="TRUE">Date_Const</attalias><attrtype Sync="TRUE">String</attrtype><attwidth Sync="TRUE">254</attwidth><atprecis Sync="TRUE">0</atprecis><attscale Sync="TRUE">0</attscale></attr><attr><attrlabl Sync="TRUE">CurrentUse</attrlabl><attalias Sync="TRUE">CurrentUse</attalias><attrtype Sync="TRUE">String</attrtype><attwidth Sync="TRUE">254</attwidth><atprecis Sync="TRUE">0</atprecis><attscale Sync="TRUE">0</attscale></attr><attr><attrlabl Sync="TRUE">FormerUse</attrlabl><attalias Sync="TRUE">FormerUse</attalias><attrtype Sync="TRUE">String</attrtype><attwidth Sync="TRUE">254</attwidth><atprecis Sync="TRUE">0</atprecis><attscale Sync="TRUE">0</attscale></attr><attr><attrlabl Sync="TRUE">Townland</attrlabl><attalias Sync="TRUE">Townland</attalias><attrtype Sync="TRUE">String</attrtype><attwidth Sync="TRUE">254</attwidth><atprecis Sync="TRUE">0</atprecis><attscale Sync="TRUE">0</attscale></attr><attr><attrlabl Sync="TRUE">TxtIGRef</attrlabl><attalias Sync="TRUE">TxtIGRef</attalias><attrtype Sync="TRUE">String</attrtype><attwidth Sync="TRUE">254</attwidth><atprecis Sync="TRUE">0</atprecis><attscale Sync="TRUE">0</attscale></attr><attr><attrlabl Sync="TRUE">MainID</attrlabl><attalias Sync="TRUE">MainID</attalias><attrtype Sync="TRUE">Double</attrtype><attwidth Sync="TRUE">19</attwidth><atprecis Sync="TRUE">0</atprecis><attscale Sync="TRUE">0</attscale></attr><attr><attrlabl Sync="TRUE">Shape</attrlabl><attalias Sync="TRUE">Shape</attalias><attrtype Sync="TRUE">Geometry</attrtype><attwidth Sync="TRUE">0</attwidth><atprecis Sync="TRUE">0</atprecis><attscale Sync="TRUE">0</attscale><attrdef Sync="TRUE">Feature geometry.</attrdef><attrdefs Sync="TRUE">Esri</attrdefs><attrdomv><udom Sync="TRUE">Coordinates defining the features.</udom></attrdomv></attr></detailed></eainfo><mdDateSt Sync="TRUE">20240902</mdDateSt></metadata>
